feature,importance
B365A,0.55890614
B365H,0.37579402
B365D,0.02419523
home_goals_avg,0.013561229
home_conceded_avg,0.010179833
away_conceded_avg,0.0088407695
home_win_rate,0.0037175703
away_goals_avg,0.00297717
away_win_rate,0.0018281414
